{"cameraMode":{"drawMode":0,"name":"Shaded","section":"Shading Mode"},"sceneLighting":true,"audioPlay":false,"sceneViewState":{"showFog":true,"showMaterialUpdate":false,"showSkybox":true,"showFlares":true,"showImageEffects":true,"showParticleSystems":true},"in2DMode":false,"pivot":{"x":357.27459716796877,"y":-12.674644470214844,"z":333.6664733886719},"rotation":{"x":-0.08883462101221085,"y":-0.33712610602378847,"z":0.03197183087468147,"w":-0.9367135763168335},"size":597.550048828125,"orthographic":false}